country,country_code,year,indicator,indicator_code,value,source_id,source_file
Argentina,ARG,2020,internet_users_pct,IT.NET.USER.ZS,85.51438646,banco_mundial_wdi_empleo_pib_desempleo,wdi_IT.NET.USER.ZS_ECU_VEN_ARG_COL_2020_2025.json
Argentina,ARG,2021,internet_users_pct,IT.NET.USER.ZS,87.15070683,banco_mundial_wdi_empleo_pib_desempleo,wdi_IT.NET.USER.ZS_ECU_VEN_ARG_COL_2020_2025.json
Argentina,ARG,2022,internet_users_pct,IT.NET.USER.ZS,88.37535691,banco_mundial_wdi_empleo_pib_desempleo,wdi_IT.NET.USER.ZS_ECU_VEN_ARG_COL_2020_2025.json
Argentina,ARG,2023,internet_users_pct,IT.NET.USER.ZS,89.22897166,banco_mundial_wdi_empleo_pib_desempleo,wdi_IT.NET.USER.ZS_ECU_VEN_ARG_COL_2020_2025.json
Argentina,ARG,2024,internet_users_pct,IT.NET.USER.ZS,89.66715228,banco_mundial_wdi_empleo_pib_desempleo,wdi_IT.NET.USER.ZS_ECU_VEN_ARG_COL_2020_2025.json
Colombia,COL,2020,internet_users_pct,IT.NET.USER.ZS,69.79533474,banco_mundial_wdi_empleo_pib_desempleo,wdi_IT.NET.USER.ZS_ECU_VEN_ARG_COL_2020_2025.json
Colombia,COL,2021,internet_users_pct,IT.NET.USER.ZS,73.02837449,banco_mundial_wdi_empleo_pib_desempleo,wdi_IT.NET.USER.ZS_ECU_VEN_ARG_COL_2020_2025.json
Colombia,COL,2022,internet_users_pct,IT.NET.USER.ZS,72.79637855,banco_mundial_wdi_empleo_pib_desempleo,wdi_IT.NET.USER.ZS_ECU_VEN_ARG_COL_2020_2025.json
Colombia,COL,2023,internet_users_pct,IT.NET.USER.ZS,77.33686322,banco_mundial_wdi_empleo_pib_desempleo,wdi_IT.NET.USER.ZS_ECU_VEN_ARG_COL_2020_2025.json
Colombia,COL,2024,internet_users_pct,IT.NET.USER.ZS,79.34543299,banco_mundial_wdi_empleo_pib_desempleo,wdi_IT.NET.USER.ZS_ECU_VEN_ARG_COL_2020_2025.json
Ecuador,ECU,2020,internet_users_pct,IT.NET.USER.ZS,70.7,banco_mundial_wdi_empleo_pib_desempleo,wdi_IT.NET.USER.ZS_ECU_VEN_ARG_COL_2020_2025.json
Ecuador,ECU,2021,internet_users_pct,IT.NET.USER.ZS,69.1147995,banco_mundial_wdi_empleo_pib_desempleo,wdi_IT.NET.USER.ZS_ECU_VEN_ARG_COL_2020_2025.json
Ecuador,ECU,2022,internet_users_pct,IT.NET.USER.ZS,69.71811356,banco_mundial_wdi_empleo_pib_desempleo,wdi_IT.NET.USER.ZS_ECU_VEN_ARG_COL_2020_2025.json
Ecuador,ECU,2023,internet_users_pct,IT.NET.USER.ZS,72.6943146,banco_mundial_wdi_empleo_pib_desempleo,wdi_IT.NET.USER.ZS_ECU_VEN_ARG_COL_2020_2025.json
Ecuador,ECU,2024,internet_users_pct,IT.NET.USER.ZS,77.17273115,banco_mundial_wdi_empleo_pib_desempleo,wdi_IT.NET.USER.ZS_ECU_VEN_ARG_COL_2020_2025.json
Venezuela,VEN,2020,internet_users_pct,IT.NET.USER.ZS,72.44110107,banco_mundial_wdi_empleo_pib_desempleo,wdi_IT.NET.USER.ZS_ECU_VEN_ARG_COL_2020_2025.json
Venezuela,VEN,2021,internet_users_pct,IT.NET.USER.ZS,74.11219788,banco_mundial_wdi_empleo_pib_desempleo,wdi_IT.NET.USER.ZS_ECU_VEN_ARG_COL_2020_2025.json
Venezuela,VEN,2022,internet_users_pct,IT.NET.USER.ZS,75.82180023,banco_mundial_wdi_empleo_pib_desempleo,wdi_IT.NET.USER.ZS_ECU_VEN_ARG_COL_2020_2025.json
Venezuela,VEN,2023,internet_users_pct,IT.NET.USER.ZS,76.33190155,banco_mundial_wdi_empleo_pib_desempleo,wdi_IT.NET.USER.ZS_ECU_VEN_ARG_COL_2020_2025.json
Venezuela,VEN,2024,internet_users_pct,IT.NET.USER.ZS,76.67890167,banco_mundial_wdi_empleo_pib_desempleo,wdi_IT.NET.USER.ZS_ECU_VEN_ARG_COL_2020_2025.json
Argentina,ARG,2020,gdp_per_capita_growth_pct,NY.GDP.PCAP.KD.ZG,-10.3361096878518,banco_mundial_wdi_empleo_pib_desempleo,wdi_NY.GDP.PCAP.KD.ZG_ECU_VEN_ARG_COL_2020_2025.json
Argentina,ARG,2021,gdp_per_capita_growth_pct,NY.GDP.PCAP.KD.ZG,10.1485599877349,banco_mundial_wdi_empleo_pib_desempleo,wdi_NY.GDP.PCAP.KD.ZG_ECU_VEN_ARG_COL_2020_2025.json
Argentina,ARG,2022,gdp_per_capita_growth_pct,NY.GDP.PCAP.KD.ZG,5.79747980169367,banco_mundial_wdi_empleo_pib_desempleo,wdi_NY.GDP.PCAP.KD.ZG_ECU_VEN_ARG_COL_2020_2025.json
Argentina,ARG,2023,gdp_per_capita_growth_pct,NY.GDP.PCAP.KD.ZG,-2.13703473540124,banco_mundial_wdi_empleo_pib_desempleo,wdi_NY.GDP.PCAP.KD.ZG_ECU_VEN_ARG_COL_2020_2025.json
Argentina,ARG,2024,gdp_per_capita_growth_pct,NY.GDP.PCAP.KD.ZG,-1.68352700528746,banco_mundial_wdi_empleo_pib_desempleo,wdi_NY.GDP.PCAP.KD.ZG_ECU_VEN_ARG_COL_2020_2025.json
Colombia,COL,2020,gdp_per_capita_growth_pct,NY.GDP.PCAP.KD.ZG,-8.50949477621059,banco_mundial_wdi_empleo_pib_desempleo,wdi_NY.GDP.PCAP.KD.ZG_ECU_VEN_ARG_COL_2020_2025.json
Colombia,COL,2021,gdp_per_capita_growth_pct,NY.GDP.PCAP.KD.ZG,9.5929782838861,banco_mundial_wdi_empleo_pib_desempleo,wdi_NY.GDP.PCAP.KD.ZG_ECU_VEN_ARG_COL_2020_2025.json
Colombia,COL,2022,gdp_per_capita_growth_pct,NY.GDP.PCAP.KD.ZG,6.18779953705864,banco_mundial_wdi_empleo_pib_desempleo,wdi_NY.GDP.PCAP.KD.ZG_ECU_VEN_ARG_COL_2020_2025.json
Colombia,COL,2023,gdp_per_capita_growth_pct,NY.GDP.PCAP.KD.ZG,-0.282233597731121,banco_mundial_wdi_empleo_pib_desempleo,wdi_NY.GDP.PCAP.KD.ZG_ECU_VEN_ARG_COL_2020_2025.json
Colombia,COL,2024,gdp_per_capita_growth_pct,NY.GDP.PCAP.KD.ZG,0.408620603822158,banco_mundial_wdi_empleo_pib_desempleo,wdi_NY.GDP.PCAP.KD.ZG_ECU_VEN_ARG_COL_2020_2025.json
Ecuador,ECU,2020,gdp_per_capita_growth_pct,NY.GDP.PCAP.KD.ZG,-10.3108339169142,banco_mundial_wdi_empleo_pib_desempleo,wdi_NY.GDP.PCAP.KD.ZG_ECU_VEN_ARG_COL_2020_2025.json
Ecuador,ECU,2021,gdp_per_capita_growth_pct,NY.GDP.PCAP.KD.ZG,8.57789544186942,banco_mundial_wdi_empleo_pib_desempleo,wdi_NY.GDP.PCAP.KD.ZG_ECU_VEN_ARG_COL_2020_2025.json
Ecuador,ECU,2022,gdp_per_capita_growth_pct,NY.GDP.PCAP.KD.ZG,5.0282959697896,banco_mundial_wdi_empleo_pib_desempleo,wdi_NY.GDP.PCAP.KD.ZG_ECU_VEN_ARG_COL_2020_2025.json
Ecuador,ECU,2023,gdp_per_capita_growth_pct,NY.GDP.PCAP.KD.ZG,0.948258262430642,banco_mundial_wdi_empleo_pib_desempleo,wdi_NY.GDP.PCAP.KD.ZG_ECU_VEN_ARG_COL_2020_2025.json
Ecuador,ECU,2024,gdp_per_capita_growth_pct,NY.GDP.PCAP.KD.ZG,-2.7842885423931,banco_mundial_wdi_empleo_pib_desempleo,wdi_NY.GDP.PCAP.KD.ZG_ECU_VEN_ARG_COL_2020_2025.json
Venezuela,VEN,2020,gdp_per_capita_growth_pct,NY.GDP.PCAP.KD.ZG,-28.6057438496512,banco_mundial_wdi_empleo_pib_desempleo,wdi_NY.GDP.PCAP.KD.ZG_ECU_VEN_ARG_COL_2020_2025.json
Venezuela,VEN,2021,gdp_per_capita_growth_pct,NY.GDP.PCAP.KD.ZG,1.3599718379524,banco_mundial_wdi_empleo_pib_desempleo,wdi_NY.GDP.PCAP.KD.ZG_ECU_VEN_ARG_COL_2020_2025.json
Venezuela,VEN,2022,gdp_per_capita_growth_pct,NY.GDP.PCAP.KD.ZG,8.16956905683747,banco_mundial_wdi_empleo_pib_desempleo,wdi_NY.GDP.PCAP.KD.ZG_ECU_VEN_ARG_COL_2020_2025.json
Venezuela,VEN,2023,gdp_per_capita_growth_pct,NY.GDP.PCAP.KD.ZG,3.70013368160016,banco_mundial_wdi_empleo_pib_desempleo,wdi_NY.GDP.PCAP.KD.ZG_ECU_VEN_ARG_COL_2020_2025.json
Venezuela,VEN,2024,gdp_per_capita_growth_pct,NY.GDP.PCAP.KD.ZG,5.13594862074156,banco_mundial_wdi_empleo_pib_desempleo,wdi_NY.GDP.PCAP.KD.ZG_ECU_VEN_ARG_COL_2020_2025.json
Argentina,ARG,2020,employment_to_population_15_plus_pct,SL.EMP.TOTL.SP.ZS,49.602,banco_mundial_wdi_empleo_pib_desempleo,wdi_SL.EMP.TOTL.SP.ZS_ECU_VEN_ARG_COL_2020_2025.json
Argentina,ARG,2021,employment_to_population_15_plus_pct,SL.EMP.TOTL.SP.ZS,55.085,banco_mundial_wdi_empleo_pib_desempleo,wdi_SL.EMP.TOTL.SP.ZS_ECU_VEN_ARG_COL_2020_2025.json
Argentina,ARG,2022,employment_to_population_15_plus_pct,SL.EMP.TOTL.SP.ZS,57.3,banco_mundial_wdi_empleo_pib_desempleo,wdi_SL.EMP.TOTL.SP.ZS_ECU_VEN_ARG_COL_2020_2025.json
Argentina,ARG,2023,employment_to_population_15_plus_pct,SL.EMP.TOTL.SP.ZS,58.463,banco_mundial_wdi_empleo_pib_desempleo,wdi_SL.EMP.TOTL.SP.ZS_ECU_VEN_ARG_COL_2020_2025.json
Argentina,ARG,2024,employment_to_population_15_plus_pct,SL.EMP.TOTL.SP.ZS,57.439,banco_mundial_wdi_empleo_pib_desempleo,wdi_SL.EMP.TOTL.SP.ZS_ECU_VEN_ARG_COL_2020_2025.json
Colombia,COL,2020,employment_to_population_15_plus_pct,SL.EMP.TOTL.SP.ZS,53.279,banco_mundial_wdi_empleo_pib_desempleo,wdi_SL.EMP.TOTL.SP.ZS_ECU_VEN_ARG_COL_2020_2025.json
Colombia,COL,2021,employment_to_population_15_plus_pct,SL.EMP.TOTL.SP.ZS,55.389,banco_mundial_wdi_empleo_pib_desempleo,wdi_SL.EMP.TOTL.SP.ZS_ECU_VEN_ARG_COL_2020_2025.json
Colombia,COL,2022,employment_to_population_15_plus_pct,SL.EMP.TOTL.SP.ZS,56.498,banco_mundial_wdi_empleo_pib_desempleo,wdi_SL.EMP.TOTL.SP.ZS_ECU_VEN_ARG_COL_2020_2025.json
Colombia,COL,2023,employment_to_population_15_plus_pct,SL.EMP.TOTL.SP.ZS,57.623,banco_mundial_wdi_empleo_pib_desempleo,wdi_SL.EMP.TOTL.SP.ZS_ECU_VEN_ARG_COL_2020_2025.json
Colombia,COL,2024,employment_to_population_15_plus_pct,SL.EMP.TOTL.SP.ZS,57.418,banco_mundial_wdi_empleo_pib_desempleo,wdi_SL.EMP.TOTL.SP.ZS_ECU_VEN_ARG_COL_2020_2025.json
Ecuador,ECU,2020,employment_to_population_15_plus_pct,SL.EMP.TOTL.SP.ZS,56.361,banco_mundial_wdi_empleo_pib_desempleo,wdi_SL.EMP.TOTL.SP.ZS_ECU_VEN_ARG_COL_2020_2025.json
Ecuador,ECU,2021,employment_to_population_15_plus_pct,SL.EMP.TOTL.SP.ZS,62.728,banco_mundial_wdi_empleo_pib_desempleo,wdi_SL.EMP.TOTL.SP.ZS_ECU_VEN_ARG_COL_2020_2025.json
Ecuador,ECU,2022,employment_to_population_15_plus_pct,SL.EMP.TOTL.SP.ZS,63.388,banco_mundial_wdi_empleo_pib_desempleo,wdi_SL.EMP.TOTL.SP.ZS_ECU_VEN_ARG_COL_2020_2025.json
Ecuador,ECU,2023,employment_to_population_15_plus_pct,SL.EMP.TOTL.SP.ZS,62.225,banco_mundial_wdi_empleo_pib_desempleo,wdi_SL.EMP.TOTL.SP.ZS_ECU_VEN_ARG_COL_2020_2025.json
Ecuador,ECU,2024,employment_to_population_15_plus_pct,SL.EMP.TOTL.SP.ZS,62.311,banco_mundial_wdi_empleo_pib_desempleo,wdi_SL.EMP.TOTL.SP.ZS_ECU_VEN_ARG_COL_2020_2025.json
Venezuela,VEN,2020,employment_to_population_15_plus_pct,SL.EMP.TOTL.SP.ZS,44.55,banco_mundial_wdi_empleo_pib_desempleo,wdi_SL.EMP.TOTL.SP.ZS_ECU_VEN_ARG_COL_2020_2025.json
Venezuela,VEN,2021,employment_to_population_15_plus_pct,SL.EMP.TOTL.SP.ZS,45.195,banco_mundial_wdi_empleo_pib_desempleo,wdi_SL.EMP.TOTL.SP.ZS_ECU_VEN_ARG_COL_2020_2025.json
Venezuela,VEN,2022,employment_to_population_15_plus_pct,SL.EMP.TOTL.SP.ZS,48.01,banco_mundial_wdi_empleo_pib_desempleo,wdi_SL.EMP.TOTL.SP.ZS_ECU_VEN_ARG_COL_2020_2025.json
Venezuela,VEN,2023,employment_to_population_15_plus_pct,SL.EMP.TOTL.SP.ZS,48.589,banco_mundial_wdi_empleo_pib_desempleo,wdi_SL.EMP.TOTL.SP.ZS_ECU_VEN_ARG_COL_2020_2025.json
Venezuela,VEN,2024,employment_to_population_15_plus_pct,SL.EMP.TOTL.SP.ZS,49.28,banco_mundial_wdi_empleo_pib_desempleo,wdi_SL.EMP.TOTL.SP.ZS_ECU_VEN_ARG_COL_2020_2025.json
Argentina,ARG,2020,unemployment_total_pct,SL.UEM.TOTL.ZS,11.461,banco_mundial_wdi_empleo_pib_desempleo,wdi_SL.UEM.TOTL.ZS_ECU_VEN_ARG_COL_2020_2025.json
Argentina,ARG,2021,unemployment_total_pct,SL.UEM.TOTL.ZS,8.736,banco_mundial_wdi_empleo_pib_desempleo,wdi_SL.UEM.TOTL.ZS_ECU_VEN_ARG_COL_2020_2025.json
Argentina,ARG,2022,unemployment_total_pct,SL.UEM.TOTL.ZS,6.805,banco_mundial_wdi_empleo_pib_desempleo,wdi_SL.UEM.TOTL.ZS_ECU_VEN_ARG_COL_2020_2025.json
Argentina,ARG,2023,unemployment_total_pct,SL.UEM.TOTL.ZS,6.139,banco_mundial_wdi_empleo_pib_desempleo,wdi_SL.UEM.TOTL.ZS_ECU_VEN_ARG_COL_2020_2025.json
Argentina,ARG,2024,unemployment_total_pct,SL.UEM.TOTL.ZS,7.15,banco_mundial_wdi_empleo_pib_desempleo,wdi_SL.UEM.TOTL.ZS_ECU_VEN_ARG_COL_2020_2025.json
Colombia,COL,2020,unemployment_total_pct,SL.UEM.TOTL.ZS,15.983,banco_mundial_wdi_empleo_pib_desempleo,wdi_SL.UEM.TOTL.ZS_ECU_VEN_ARG_COL_2020_2025.json
Colombia,COL,2021,unemployment_total_pct,SL.UEM.TOTL.ZS,13.898,banco_mundial_wdi_empleo_pib_desempleo,wdi_SL.UEM.TOTL.ZS_ECU_VEN_ARG_COL_2020_2025.json
Colombia,COL,2022,unemployment_total_pct,SL.UEM.TOTL.ZS,10.541,banco_mundial_wdi_empleo_pib_desempleo,wdi_SL.UEM.TOTL.ZS_ECU_VEN_ARG_COL_2020_2025.json
Colombia,COL,2023,unemployment_total_pct,SL.UEM.TOTL.ZS,9.591,banco_mundial_wdi_empleo_pib_desempleo,wdi_SL.UEM.TOTL.ZS_ECU_VEN_ARG_COL_2020_2025.json
Colombia,COL,2024,unemployment_total_pct,SL.UEM.TOTL.ZS,9.619,banco_mundial_wdi_empleo_pib_desempleo,wdi_SL.UEM.TOTL.ZS_ECU_VEN_ARG_COL_2020_2025.json
Ecuador,ECU,2020,unemployment_total_pct,SL.UEM.TOTL.ZS,6.116,banco_mundial_wdi_empleo_pib_desempleo,wdi_SL.UEM.TOTL.ZS_ECU_VEN_ARG_COL_2020_2025.json
Ecuador,ECU,2021,unemployment_total_pct,SL.UEM.TOTL.ZS,4.504,banco_mundial_wdi_empleo_pib_desempleo,wdi_SL.UEM.TOTL.ZS_ECU_VEN_ARG_COL_2020_2025.json
Ecuador,ECU,2022,unemployment_total_pct,SL.UEM.TOTL.ZS,3.713,banco_mundial_wdi_empleo_pib_desempleo,wdi_SL.UEM.TOTL.ZS_ECU_VEN_ARG_COL_2020_2025.json
Ecuador,ECU,2023,unemployment_total_pct,SL.UEM.TOTL.ZS,3.51,banco_mundial_wdi_empleo_pib_desempleo,wdi_SL.UEM.TOTL.ZS_ECU_VEN_ARG_COL_2020_2025.json
Ecuador,ECU,2024,unemployment_total_pct,SL.UEM.TOTL.ZS,3.453,banco_mundial_wdi_empleo_pib_desempleo,wdi_SL.UEM.TOTL.ZS_ECU_VEN_ARG_COL_2020_2025.json
Venezuela,VEN,2020,unemployment_total_pct,SL.UEM.TOTL.ZS,7.53,banco_mundial_wdi_empleo_pib_desempleo,wdi_SL.UEM.TOTL.ZS_ECU_VEN_ARG_COL_2020_2025.json
Venezuela,VEN,2021,unemployment_total_pct,SL.UEM.TOTL.ZS,7.027,banco_mundial_wdi_empleo_pib_desempleo,wdi_SL.UEM.TOTL.ZS_ECU_VEN_ARG_COL_2020_2025.json
Venezuela,VEN,2022,unemployment_total_pct,SL.UEM.TOTL.ZS,5.646,banco_mundial_wdi_empleo_pib_desempleo,wdi_SL.UEM.TOTL.ZS_ECU_VEN_ARG_COL_2020_2025.json
Venezuela,VEN,2023,unemployment_total_pct,SL.UEM.TOTL.ZS,5.407,banco_mundial_wdi_empleo_pib_desempleo,wdi_SL.UEM.TOTL.ZS_ECU_VEN_ARG_COL_2020_2025.json
Venezuela,VEN,2024,unemployment_total_pct,SL.UEM.TOTL.ZS,5.321,banco_mundial_wdi_empleo_pib_desempleo,wdi_SL.UEM.TOTL.ZS_ECU_VEN_ARG_COL_2020_2025.json
